rank,team,indice_final,games_played,wins_score,sos_nonconf,sos_conf,mov_capado,fcs_adjustment,contrib_wins,contrib_sos_nonconf,contrib_sos_conf,contrib_mov,contrib_fcs
1,Indiana,2.2477871105796003,1,1.2250137915580541,0.03572085312288293,0.0,1.0,0.0,1.1796300446555203,0.06421660238746674,0.6274627897103832,0.3764776738262299,0.0
2,Notre Dame,2.159078877925583,1,1.3074682868315273,0.051175374681679694,0.35822762277175785,1.0,0.0,1.1214342943577498,0.08323241815698262,0.5965076033817818,0.35790456202906906,0.0
3,Oregon,1.950442767865539,1,1.226262236013292,0.08691058857775812,0.0,0.2916666666666667,0.0,0.9849689619235612,0.1272023489857554,0.523919660597639,0.31435179635858335,0.0
4,Ohio State,1.9411635775771536,1,0.7597776667774027,-0.1858201586774273,0.0,1.0,0.0,1.1612453376883087,-0.20837566452673698,0.6176836902597387,0.3706102141558432,0.0
5,Miami,1.7203584328658328,1,1.2566538816816732,0.0,-0.1444870610610889,1.0,0.0,0.9184416355190095,0.020264341585964272,0.48853278485053697,0.29311967091032215,0.0
6,Texas,1.5559947848325548,1,1.1398462850701112,-0.0048351023475660376,0.0,1.0,0.0,0.8328614645595249,0.014315052562795836,0.44301141731889626,0.2658068503913377,0.0
7,Ole Miss,1.5248739986782647,1,1.6086949029131934,0.13806900138723494,0.0,0.125,0.0,0.7210580327695899,0.1901495550409387,0.38354150679233506,0.23012490407540104,0.0
8,Alabama,1.3114565523410997,1,1.21269946637329,0.029856888749185732,0.0,1.0,0.0,0.677694182521805,0.05700136341775825,0.36047562900096014,0.21628537740057607,0.0
9,Texas A&M,1.2520838273085402,1,0.9237501609367437,-0.10773801860155063,0.0,1.0,0.0,0.7370811921917262,-0.11230050717401695,0.39206446393176925,0.23523867835906154,0.0
10,Penn State,1.2326379824576077,1,1.0428643674092841,-0.05101696790034086,0.0,1.0,0.0,0.6888724134477853,-0.042508825413824634,0.3664214965147794,0.21985289790886764,0.0
11,LSU,1.1959123749707556,1,1.3583732333967038,0.09922534923652566,0.0,1.0,0.0,0.5691632408193978,0.14235488664548723,0.3027464046911691,0.18164784281470145,0.0
12,Washington,1.1712458267465788,1,1.1901190664920038,0.0488662221390495,0.0,0.5833333333333334,0.0,0.5893122959112941,0.0803911513363109,0.3134639871868586,0.18807839231211515,0.0
13,USC,1.1710904969547844,2,1.045483940296513,-0.06626338308623908,0.0,0.8333333333333333,0.0,0.665757202165304,-0.06126857939375712,0.3541261713645234,0.21247570281871403,0.0
14,Michigan,1.008306398978784,1,1.0601534843899934,0.025668325899996774,0.0,0.041666666666666664,0.0,0.5167076267419515,0.05184760054155459,0.27484448230954867,0.1649066893857292,0.0
15,Oklahoma,0.9885297934687677,1,0.8133308451100879,-0.16031864518567243,0.0,1.0,0.0,0.6296527609962552,-0.1769976577370665,0.3349216813809868,0.2009530088285921,0.0
16,SMU,0.9783118008212742,1,1.3813007315672106,0.0,0.7085024385573686,0.125,0.0,0.5175658687822939,0.020264341585964272,0.27530099403313507,0.16518059641988103,0.0
17,Iowa,0.9760427076589985,1,0.8753437412320281,-0.1307886946514152,0.0,1.0,0.0,0.6032777489808326,-0.14066291279488324,0.3208924196706557,0.1925354518023934,0.0
18,Louisville,0.8572456389431082,1,-0.6650350566762573,0.04582915991949318,0.0,0.0,0.0,0.4216988030854872,0.07665423748699364,0.22430787398164212,0.13458472438898528,0.0
19,Auburn,0.7806570866104008,1,1.1855420780628358,0.06156765622039798,0.0,0.041666666666666664,0.0,0.3698617029275119,0.09601946629777242,0.19673494836569783,0.11804096901941868,0.0
20,Clemson,0.7108119153037395,1,-1.0,0.0,0.0,0.0,0.0,0.37305443637626934,0.020264341585964272,0.19843321083844115,0.11905992650306468,0.0
21,Virginia,0.6458874523639107,1,1.2771564052924902,0.0,0.4238546843083011,1.0,0.0,0.33798030122486755,0.020264341585964272,0.17977675597067425,0.10786605358240454,0.0
22,James Madison,0.5931398230358039,1,1.0885769498027809,0.02134616657275282,0.0,0.2916666666666667,0.0,0.2952952559655191,0.04652945561026856,0.15707194466251018,0.0942431667975061,0.0
23,Florida,0.5829778791076928,1,0.9329079826244608,-0.10337715113120916,0.0,1.0,0.0,0.37271141184617435,-0.10693473430969382,0.19825075098200765,0.11895045058920459,0.0
24,TCU,0.5780934088810753,1,-1.515848383170436,0.004065668670186213,0.0,0.0,0.0,0.29865340625901615,0.025266890912258196,0.15885819481862562,0.09531491689117537,0.0
25,Pittsburgh,0.5233781928372373,1,1.0140048714006502,-0.06475958504730939,0.0,1.0,0.0,0.3148440556420015,-0.059418250585191096,0.16747024236276678,0.10048214541766007,0.0
26,South Carolina,0.5227721853287389,1,0.7395975825841968,-0.1954297225789539,0.0,1.0,0.0,0.40137557725850703,-0.22019962789445494,0.2134976474779293,0.12809858848675756,0.0
27,Illinois,0.47564846010424944,1,0.933911791752556,-0.08801819440354475,0.0,0.7916666666666666,0.0,0.30451946393291873,-0.08803650504817459,0.16197843826219083,0.0971870629573145,0.0
28,Boise State,0.4526768047961784,1,-0.6812500000000001,0.03794642857142857,0.0,0.0,0.0,0.2083784285194945,0.06695503285583748,0.110839589638029,0.0665037537828174,0.0
29,Duke,0.4507036904838175,1,1.1638428332525468,0.03635373012026037,0.0,0.5833333333333334,0.0,0.20837118990165585,0.06499531768713537,0.11083573930939142,0.06650144358563485,0.0
30,Georgia Tech,0.41004254191891565,1,-1.6030357679277292,0.005590980008603673,0.0,0.0,0.0,0.20685340250073883,0.027143690481377842,0.11002840558549938,0.06601704335129963,0.0
31,Nebraska,0.389613355447759,1,1.0256337319925029,-0.05922203238452241,0.0,1.0,0.0,0.2388993772157689,-0.052604640675047255,0.12707413681689836,0.07624448209013901,0.0
32,South Florida,0.371612008943609,1,0.9105335537858492,-0.07236497438769088,0.0,0.4166666666666667,0.0,0.2379108733011271,-0.06877620333720072,0.12654833686230166,0.07592900211738099,0.0
33,Florida State,0.3363030097464144,2,-0.0029627841329884497,-0.12125004314422136,0.24370793528073997,0.7083333333333334,0.0,0.25133072394573963,-0.12892620266378454,0.13368655529028706,0.08021193317417223,0.0
34,NC State,0.3187726552251059,1,-1.5,0.0,0.0,0.0,0.0,0.16126311196597307,0.020264341585964272,0.08577825104573036,0.05146695062743822,0.0
35,North Dakota State,0.29079901107987616,1,1.0677260028934301,-0.039178093860271386,0.0,1.0,0.05,0.14518183707775997,-0.02794183627682849,0.07722438142434042,0.04633462885460425,0.05
36,Houston,0.27407066824357523,1,0.9301715587293193,-0.07194211489080028,0.0,0.5416666666666666,0.0,0.18493504334327165,-0.06825590134928931,0.09836970390599556,0.05902182234359733,0.0
37,Baylor,0.2587317101432206,1,-1.2971375089600703,0.030102677504753535,0.0,0.0,0.0,0.10881738160245946,0.0573037910067531,0.05788158595875503,0.03472895157525302,0.0
38,UNLV,0.24775858808758203,2,-0.16797926328573343,0.010955139542503137,-0.07243899576164374,0.625,0.0,0.11561710276031659,0.03374395106316618,0.06149845891506202,0.03689907534903721,0.0
39,Wisconsin,0.18391919981958002,1,-1.05,0.0,0.0,0.0,0.0,0.08841124525264299,0.020264341585964272,0.04702725811310798,0.028216354867864786,0.0
40,Cincinnati,0.16582345539596086,1,1.0754237265496043,-0.02063155878590276,0.0,0.7916666666666666,0.0,0.09234956957889599,-0.005121492547953028,0.04912211147813617,0.0294732668868817,0.0
41,Memphis,0.13921388691283598,2,1.1437367139578156,-0.005219405035153557,0.0,0.5,0.0,0.0677295361694962,0.013842192301215337,0.03602634902632777,0.021615809415796664,0.0
42,North Texas,0.1304652339724846,1,-1.0,0.0,0.0,0.0,0.0,0.05953381542720065,0.020264341585964272,0.03166692309957481,0.01900015385974489,0.0
43,East Carolina,0.12585941679511392,1,-1.0,0.0,0.0,0.0,0.0,0.05704561534287396,0.020264341585964272,0.03034341241642232,0.01820604744985339,0.0
44,Tulane,0.09807252056737041,1,-1.4209676240088136,0.00940861618942694,0.0,0.0,0.0,0.03578021895089211,0.031841051445506294,0.019032031356857507,0.011419218814114503,0.0
45,Toledo,0.07905345537856334,1,-1.4576997954650093,0.0050357386351179406,0.0,0.0,0.0,0.02841228573711517,0.026460500929009735,0.015112917945274027,0.009067750767164416,0.0
46,Washington State,0.0588558687934847,1,-0.8405398181438217,0.018983354982878366,0.0,0.0,0.0,0.00822970220585392,0.043622164710308296,0.0043775011733265526,0.0026265007039959314,0.0
47,Colorado,0.013190954997790657,1,1.3308830908506877,0.08315861469080366,0.0,0.041666666666666664,0.0,-0.059098354460825016,0.12258578134016887,-0.031435294925970754,-0.01886117695558245,0.0
48,Michigan State,0.012930297645957168,1,1.1314150507256162,0.03281669082172206,0.0,0.4166666666666667,0.0,-0.02577594305862099,0.06064321352042581,-0.013710608009904783,-0.00822636480594287,0.0
49,Western Michigan,0.009019270400901919,1,-0.6771212481293486,0.03843794665126803,0.0,0.0,0.0,-0.03162535162992512,0.06755981490735906,-0.01682199554783251,-0.010093197328699507,0.0
50,North Carolina,0.0038930001313219505,1,1.2992396876693615,0.10380461317588645,0.0,0.20833333333333334,0.0,-0.07784517214625286,0.1479893826148113,-0.0414070064607728,-0.024844203876463678,0.0
51,Wake Forest,-0.007120320742828416,1,0.712292527601327,-0.2024797487612728,0.0,0.9166666666666666,0.0,0.11979809498438673,-0.22887424124584216,0.06372239094914188,0.03823343456948513,0.0
52,Mississippi State,-0.017843084287170248,1,0.7000000000000001,-0.21428571428571427,0.0,1.0,0.0,0.12185298562341679,-0.2434007385262609,0.06481541788479617,0.0388892507308777,0.0
53,UCLA,-0.029090222783231586,1,1.2674155377108929,-0.006587839185289087,0.0,0.875,0.0,-0.02228374967671633,0.012158420235370986,-0.0118530583386789,-0.00711183500320734,0.0
54,Texas State,-0.05860965812869895,1,-1.0,0.0,0.0,0.0,0.0,-0.04261009179987553,0.020264341585964272,-0.022664942446742303,-0.013598965468045381,0.0
55,Rutgers,-0.07309310290108459,1,-1.65,-0.017857142857142856,0.0,0.0,0.0,-0.038564501844272965,-0.001707748423387829,-0.020513032895889877,-0.012307819737533926,0.0
56,New Mexico,-0.10495198142855688,1,0.9269636242955943,-0.1062077979544789,0.0,1.0,0.0,0.0029527266932534977,-0.11041766700968571,0.0015705993049220733,0.0009423595829532439,0.0
57,Fresno State,-0.11344148350303825,1,-1.0,0.0,0.0,0.0,0.0,-0.07223188251934619,0.020264341585964272,-0.03842121410603521,-0.023052728463621126,0.0
58,California,-0.20375038727156847,1,-1.6388456926003332,0.0013278937380555497,0.0,0.0,0.0,-0.1219021272349384,0.02189823122714732,-0.06484155703986086,-0.03890493422391651,0.0
59,Hawai'i,-0.24032641845015393,2,-1.5502072161396963,-0.003010147105439352,0.04132130643383977,0.0,0.0,-0.13877801478606364,0.01656054509000644,-0.07381809297131045,-0.04429085578278627,0.0
60,Ohio,-0.29731046864558514,1,-1.5,0.0,0.0,0.0,0.0,-0.17156340322853816,0.020264341585964272,-0.091257129376882,-0.0547542776261292,0.0
61,Boston College,-0.33432622242278764,1,-1.4715293015585917,0.0033893688620723976,0.0,0.0,0.0,-0.19381339704632466,0.02443474657785587,-0.1030922324714493,-0.06185533948286958,0.0
62,Stanford,-0.35418714572239485,2,-0.05461584936424657,-0.010348427965949106,0.0,0.4166666666666667,0.0,-0.19541108869781149,0.007531252505468977,-0.1039420684562827,-0.06236524107376962,0.0
63,Jacksonville State,-0.3689834737633961,1,-1.5,0.0,0.0,0.0,0.05,-0.23729479679793028,0.020264341585964272,-0.12622063659464378,-0.07573238195678626,0.05
64,Liberty,-0.3976599432598969,1,-1.345424489859009,0.018401846445356067,0.0,0.0,0.0,-0.2380072427739549,0.042906655066360086,-0.1265995972201888,-0.07595975833211327,0.0
65,West Virginia,-0.4017473840555266,1,0.8419931854354994,-0.0960746736021431,0.0,0.2916666666666667,0.0,-0.16412069843107843,-0.09794949547033882,-0.08729824384631832,-0.05237894630779099,0.0
66,Miami (OH),-0.45189582001533424,1,-1.5,0.0,0.0,0.0,0.0,-0.25507502983058655,0.020264341585964272,-0.13567820735669497,-0.08140692441401698,0.0
67,Western Kentucky,-0.4605496002041862,1,-1.5,0.0,0.0,0.0,0.0,-0.2597500605073227,0.020264341585964272,-0.1381649258017674,-0.08289895548106044,0.0
68,Marshall,-0.4672078379020261,1,-1.0,0.0,0.0,0.0,0.0,-0.263347039493512,0.020264341585964272,-0.14007821249654895,-0.08404692749792937,0.0
69,Oklahoma State,-0.5188420856280143,1,-1.5,-0.006173443026151832,0.0,0.0,0.0,-0.28713779919092886,0.012668308619024227,-0.15273287191006854,-0.09163972314604112,0.0
70,Arkansas State,-0.7042708012229515,1,-1.4693256092809912,0.0036517131808343787,0.0,0.0,0.0,-0.39384289954592183,0.024757544745031574,-0.20949090401378823,-0.12569454240827294,0.0
71,Troy,-0.7347367534133756,1,0.6415211196879544,-0.17963280014859315,0.0,0.125,0.0,-0.28846884446166987,-0.20076250940985912,-0.1534408747136542,-0.09206452482819251,0.0
72,Nevada,-0.7383418179314677,1,1.0376235295524712,-0.05351260497501369,0.0,1.0,0.0,-0.37425088053332506,-0.04557954971020634,-0.19906961730496014,-0.11944177038297608,0.0
73,Florida International,-0.7563660075304772,1,-1.3904027794522449,0.013047288160447026,0.0,0.0,0.0,-0.42823170276011235,0.036318208216964847,-0.22778282061708105,-0.13666969237024862,0.0
74,Oregon State,-0.7656570025027218,1,-0.9208753092922584,0.009419606036635908,0.0,0.0,0.0,-0.4308395871767273,0.03185457376058191,-0.2291699931791103,-0.13750199590746617,0.0
75,Tulsa,-0.7884097502940537,1,1.006080751503997,-0.038771070712382456,0.0,0.5833333333333334,0.0,-0.4110980497426747,-0.027441019919315385,-0.21866917539503974,-0.13120150523702384,0.0
76,Wyoming,-0.8478934803078239,1,-1.5,-0.0015352786550891003,0.0,0.0,0.0,-0.46798427165453943,0.018375277861217204,-0.24892780407156354,-0.14935668244293812,0.0
77,Sacramento State,-0.8486181315937442,1,-1.5,0.0,-0.09814004084042913,0.0,0.05,-0.4964077728671989,0.020264341585964272,-0.2640466876953186,-0.15842801261719114,0.05
78,Florida Atlantic,-0.8710551800301266,1,-1.5,0.0,0.0,0.0,0.0,-0.4815174427121411,0.020264341585964272,-0.25612629931496866,-0.15367577958898118,0.0
79,Missouri State,-0.8772753201932622,1,-1.0,0.0,0.0,0.0,0.0,-0.4848777483175131,0.020264341585964272,-0.25791369591357083,-0.1547482175481425,0.0
80,Central Michigan,-0.9343641919420484,1,-1.5,0.0,0.0,0.0,0.0,-0.5157188629404207,0.020264341585964272,-0.27431854411724504,-0.16459112647034702,0.0
81,Coastal Carolina,-0.9529465858608913,1,-1.5,-0.0006735638426819343,0.0,0.0,0.0,-0.52530989688099,0.01943556368477093,-0.2794201579154202,-0.1676520947492521,0.0
82,Colorado State,-1.0119473674663555,1,0.9375010632448969,-0.09523758893100145,0.0,0.9166666666666666,0.0,-0.49432539130032027,-0.09691951548491153,-0.2629390379257023,-0.15776342275542135,0.0
83,New Mexico State,-1.0493238572760788,1,-1.4380060366262302,0.007380233734972589,0.0,0.0,0.05,-0.6097407845449653,0.029345254541197248,-0.3243302045451943,-0.19459812272711657,0.05
84,Eastern Michigan,-1.0608073906785953,2,-0.3934331711403967,-0.013808041453911837,-0.6853878076026451,0.4583333333333333,0.0,-0.5748487920726578,0.003274415923984179,-0.305770634081201,-0.18346238044872057,0.0
85,UAB,-1.0681667232546945,1,-1.4489920237578935,0.006072378124060292,0.0,0.0,0.0,-0.5920394133218703,0.02773602055387398,-0.31491458155418633,-0.1889487489325118,0.0
86,San José State,-1.1081733925805917,2,0.06004103168444774,-0.07496580692962687,0.0,0.25,0.0,-0.5597846016291597,-0.07197636403299822,-0.2977577668240211,-0.17865466009441267,0.0
87,Northern Illinois,-1.1211772836291785,1,-1.0,0.0,0.0,0.0,0.0,-0.6166408779897897,0.020264341585964272,-0.3280004670158456,-0.19680028020950738,0.0
88,UTEP,-1.2918406479953615,1,-1.0,0.0,0.0,0.0,0.0,-0.7088383277048541,0.020264341585964272,-0.37704166367279474,-0.22622499820367684,0.0
89,Akron,-1.292490033928118,1,-1.4889617334976792,0.001314079345514372,0.0,0.0,0.0,-0.710062638718443,0.02188123348687232,-0.37769289293534203,-0.2266157357612052,0.0
90,Kent State,-1.536218626221802,1,-1.5,0.0,0.0,0.0,0.0,-0.8408586147927013,0.020264341585964272,-0.4472652206344156,-0.26835913238064935,0.0
91,Ball State,-1.538209993554975,1,-1.0,0.0,0.0,0.0,0.0,-0.8419344109382084,0.020264341585964272,-0.44783745262670666,-0.268702471576024,0.0
92,Sam Houston,-1.5967251258827988,1,-1.5,-0.008441347995599998,0.0,0.0,0.0,-0.867934910925083,0.009877794340227394,-0.4616675058112144,-0.2770005034867286,0.0
93,UL Monroe,-1.6953152917297984,1,-1.5,0.0,0.0,0.0,0.0,-0.926807388113113,0.020264341585964272,-0.4929826532516559,-0.2957895919509935,0.0
94,Massachusetts,-2.048601767913106,1,1.2600164981364947,0.004769761017378429,0.0,0.6666666666666666,0.0,-1.1208338506445636,0.026133232216192785,-0.5961882184279594,-0.35771293105677565,0.0
